-- SQL script to add data to the tables in the Airbnb database system using PostgreSQL
-- Enable UUID extension
CREATE EXTENSION IF NOT EXISTS "uuid-ossp";

-- Insert 20 Users
INSERT INTO "User" (user_id, name, email, phone, birthdate, user_type, profile_picture, social_media_link) VALUES
(uuid_generate_v4(), 'John Smith', 'john.smith@email.com', '+1-555-0101', '1985-06-15', 'guest', 'https://example.com/profiles/john.jpg', 'https://linkedin.com/in/johnsmith'),
(uuid_generate_v4(), 'Maria Garcia', 'maria.g@email.com', '+1-555-0102', '1990-03-22', 'host', 'https://example.com/profiles/maria.jpg', 'https://linkedin.com/in/mariagarcia'),
(uuid_generate_v4(), 'David Chen', 'david.chen@email.com', '+1-555-0103', '1988-11-30', 'host', 'https://example.com/profiles/david.jpg', 'https://linkedin.com/in/davidchen'),
(uuid_generate_v4(), 'Sarah Johnson', 'sarah.j@email.com', '+1-555-0104', '1992-07-18', 'guest', 'https://example.com/profiles/sarah.jpg', 'https://linkedin.com/in/sarahjohnson'),
(uuid_generate_v4(), 'Michael Brown', 'michael.b@email.com', '+1-555-0105', '1987-04-25', 'host', 'https://example.com/profiles/michael.jpg', 'https://linkedin.com/in/michaelbrown'),
(uuid_generate_v4(), 'Emma Wilson', 'emma.w@email.com', '+1-555-0106', '1995-09-12', 'guest', 'https://example.com/profiles/emma.jpg', 'https://linkedin.com/in/emmawilson'),
(uuid_generate_v4(), 'James Lee', 'james.lee@email.com', '+1-555-0107', '1991-12-05', 'host', 'https://example.com/profiles/james.jpg', 'https://linkedin.com/in/jameslee'),
(uuid_generate_v4(), 'Sophia Martinez', 'sophia.m@email.com', '+1-555-0108', '1993-08-20', 'guest', 'https://example.com/profiles/sophia.jpg', 'https://linkedin.com/in/sophiamartinez'),
(uuid_generate_v4(), 'Robert Taylor', 'robert.t@email.com', '+1-555-0109', '1986-02-14', 'host', 'https://example.com/profiles/robert.jpg', 'https://linkedin.com/in/roberttaylor'),
(uuid_generate_v4(), 'Olivia Anderson', 'olivia.a@email.com', '+1-555-0110', '1994-05-28', 'guest', 'https://example.com/profiles/olivia.jpg', 'https://linkedin.com/in/oliviaanderson'),
(uuid_generate_v4(), 'William Thomas', 'william.t@email.com', '+1-555-0111', '1989-10-15', 'host', 'https://example.com/profiles/william.jpg', 'https://linkedin.com/in/williamthomas'),
(uuid_generate_v4(), 'Isabella White', 'isabella.w@email.com', '+1-555-0112', '1996-01-22', 'guest', 'https://example.com/profiles/isabella.jpg', 'https://linkedin.com/in/isabellawhite'),
(uuid_generate_v4(), 'Daniel Harris', 'daniel.h@email.com', '+1-555-0113', '1990-07-30', 'host', 'https://example.com/profiles/daniel.jpg', 'https://linkedin.com/in/danielharris'),
(uuid_generate_v4(), 'Mia Clark', 'mia.c@email.com', '+1-555-0114', '1993-03-18', 'guest', 'https://example.com/profiles/mia.jpg', 'https://linkedin.com/in/miaclark'),
(uuid_generate_v4(), 'Joseph Lewis', 'joseph.l@email.com', '+1-555-0115', '1988-09-25', 'host', 'https://example.com/profiles/joseph.jpg', 'https://linkedin.com/in/josephlewis'),
(uuid_generate_v4(), 'Charlotte Walker', 'charlotte.w@email.com', '+1-555-0116', '1995-12-12', 'guest', 'https://example.com/profiles/charlotte.jpg', 'https://linkedin.com/in/charlottewalker'),
(uuid_generate_v4(), 'Henry Hall', 'henry.h@email.com', '+1-555-0117', '1991-06-05', 'host', 'https://example.com/profiles/henry.jpg', 'https://linkedin.com/in/henryhall'),
(uuid_generate_v4(), 'Amelia Young', 'amelia.y@email.com', '+1-555-0118', '1994-08-20', 'guest', 'https://example.com/profiles/amelia.jpg', 'https://linkedin.com/in/ameliayoung'),
(uuid_generate_v4(), 'Sebastian King', 'sebastian.k@email.com', '+1-555-0119', '1987-04-14', 'host', 'https://example.com/profiles/sebastian.jpg', 'https://linkedin.com/in/sebastianking'),
(uuid_generate_v4(), 'Victoria Scott', 'victoria.s@email.com', '+1-555-0120', '1992-11-28', 'guest', 'https://example.com/profiles/victoria.jpg', 'https://linkedin.com/in/victoriascott');

-- Insert 20 Addresses
INSERT INTO "Address" (address_id, street, city, zip_code, country, coordinates) VALUES
(uuid_generate_v4(), '123 Main St', 'New York', '10001', 'USA', '40.7128,-74.0060'),
(uuid_generate_v4(), '456 Park Ave', 'Los Angeles', '90001', 'USA', '34.0522,-118.2437'),
(uuid_generate_v4(), '789 Ocean Dr', 'Miami', '33139', 'USA', '25.7617,-80.1918'),
(uuid_generate_v4(), '321 Market St', 'San Francisco', '94105', 'USA', '37.7749,-122.4194'),
(uuid_generate_v4(), '654 Michigan Ave', 'Chicago', '60601', 'USA', '41.8781,-87.6298'),
(uuid_generate_v4(), '987 Peachtree St', 'Atlanta', '30309', 'USA', '33.7490,-84.3880'),
(uuid_generate_v4(), '147 Beacon St', 'Boston', '02108', 'USA', '42.3601,-71.0589'),
(uuid_generate_v4(), '258 Bourbon St', 'New Orleans', '70116', 'USA', '29.9511,-90.0715'),
(uuid_generate_v4(), '369 Sunset Blvd', 'Los Angeles', '90028', 'USA', '34.0928,-118.3287'),
(uuid_generate_v4(), '741 Broadway', 'New York', '10003', 'USA', '40.7282,-73.7949'),
(uuid_generate_v4(), '852 Market St', 'Seattle', '98101', 'USA', '47.6062,-122.3321'),
(uuid_generate_v4(), '963 Royal St', 'New Orleans', '70116', 'USA', '29.9574,-90.0618'),
(uuid_generate_v4(), '159 5th Ave', 'New York', '10010', 'USA', '40.7411,-73.9897'),
(uuid_generate_v4(), '357 Magnolia St', 'San Francisco', '94117', 'USA', '37.7694,-122.4862'),
(uuid_generate_v4(), '486 Lake Shore Dr', 'Chicago', '60611', 'USA', '41.8781,-87.6298'),
(uuid_generate_v4(), '753 Rodeo Dr', 'Beverly Hills', '90210', 'USA', '34.0736,-118.4004'),
(uuid_generate_v4(), '951 Lombard St', 'San Francisco', '94133', 'USA', '37.8024,-122.4188'),
(uuid_generate_v4(), '264 Beale St', 'Memphis', '38103', 'USA', '35.1495,-90.0490'),
(uuid_generate_v4(), '852 Bourbon St', 'New Orleans', '70116', 'USA', '29.9574,-90.0618'),
(uuid_generate_v4(), '741 Ocean Dr', 'Miami Beach', '33139', 'USA', '25.7825,-80.1347');

-- Insert 20 Room Types
INSERT INTO "RoomType" (room_type_id, name, description) VALUES
(uuid_generate_v4(), 'Entire Place', 'A complete home or apartment for your exclusive use'),
(uuid_generate_v4(), 'Private Room', 'A private room in a shared home'),
(uuid_generate_v4(), 'Shared Room', 'A shared room with other guests'),
(uuid_generate_v4(), 'Studio', 'A single room with a kitchen and bathroom'),
(uuid_generate_v4(), 'Loft', 'An open space with high ceilings'),
(uuid_generate_v4(), 'Villa', 'A luxurious standalone property'),
(uuid_generate_v4(), 'Condo', 'A private apartment in a building'),
(uuid_generate_v4(), 'Townhouse', 'A multi-floor home in a row of houses'),
(uuid_generate_v4(), 'Cottage', 'A small, cozy house'),
(uuid_generate_v4(), 'Bungalow', 'A single-story house'),
(uuid_generate_v4(), 'Penthouse', 'A luxury apartment on the top floor'),
(uuid_generate_v4(), 'Cabin', 'A rustic wooden house'),
(uuid_generate_v4(), 'Castle', 'A historic castle or palace'),
(uuid_generate_v4(), 'Treehouse', 'A house built in a tree'),
(uuid_generate_v4(), 'Yurt', 'A traditional circular tent'),
(uuid_generate_v4(), 'Houseboat', 'A floating home'),
(uuid_generate_v4(), 'Cave', 'A dwelling in a cave'),
(uuid_generate_v4(), 'Igloo', 'A dome-shaped snow house'),
(uuid_generate_v4(), 'Tiny House', 'A very small house'),
(uuid_generate_v4(), 'Mansion', 'A large, luxurious house');

-- Insert 20 Amenities
INSERT INTO "Amenity" (amenity_id, name, category) VALUES
(uuid_generate_v4(), 'WiFi', 'Essentials'),
(uuid_generate_v4(), 'Air Conditioning', 'Climate Control'),
(uuid_generate_v4(), 'Heating', 'Climate Control'),
(uuid_generate_v4(), 'Kitchen', 'Facilities'),
(uuid_generate_v4(), 'Washer', 'Laundry'),
(uuid_generate_v4(), 'Dryer', 'Laundry'),
(uuid_generate_v4(), 'TV', 'Entertainment'),
(uuid_generate_v4(), 'Pool', 'Outdoor'),
(uuid_generate_v4(), 'Hot Tub', 'Outdoor'),
(uuid_generate_v4(), 'Free Parking', 'Parking'),
(uuid_generate_v4(), 'Gym', 'Facilities'),
(uuid_generate_v4(), 'Elevator', 'Accessibility'),
(uuid_generate_v4(), 'Indoor Fireplace', 'Climate Control'),
(uuid_generate_v4(), 'Breakfast', 'Food & Drink'),
(uuid_generate_v4(), 'Workspace', 'Business'),
(uuid_generate_v4(), 'Pets Allowed', 'Rules'),
(uuid_generate_v4(), 'Smoking Allowed', 'Rules'),
(uuid_generate_v4(), 'Security Cameras', 'Safety'),
(uuid_generate_v4(), 'First Aid Kit', 'Safety'),
(uuid_generate_v4(), 'Fire Extinguisher', 'Safety');

-- Insert Review Categories
INSERT INTO "ReviewCategory" (category_id, name) VALUES
(uuid_generate_v4(), 'Cleanliness'),
(uuid_generate_v4(), 'Communication'),
(uuid_generate_v4(), 'Check-in'),
(uuid_generate_v4(), 'Accuracy'),
(uuid_generate_v4(), 'Location'),
(uuid_generate_v4(), 'Value'),
(uuid_generate_v4(), 'Overall Experience'),
(uuid_generate_v4(), 'Amenities'),
(uuid_generate_v4(), 'Comfort'),
(uuid_generate_v4(), 'Hospitality'),
(uuid_generate_v4(), 'Facilities'),
(uuid_generate_v4(), 'Noise Level'),
(uuid_generate_v4(), 'Neighborhood'),
(uuid_generate_v4(), 'Responsiveness'),
(uuid_generate_v4(), 'Friendliness'),
(uuid_generate_v4(), 'Recommendation'),
(uuid_generate_v4(), 'Uniqueness'),
(uuid_generate_v4(), 'Convenience'),
(uuid_generate_v4(), 'Atmosphere'),
(uuid_generate_v4(), 'Sustainability');


-- Insert Cancellation Policies
INSERT INTO "CancellationPolicy" (policy_id, name, description, refund_terms) VALUES
(uuid_generate_v4(), 'Flexible', 'Full refund 1 day prior to arrival', '100% refund up to 1 day before check-in'),
(uuid_generate_v4(), 'Moderate', 'Full refund 5 days prior to arrival', '100% refund up to 5 days before check-in'),
(uuid_generate_v4(), 'Strict', 'Full refund 7 days prior to arrival', '100% refund up to 7 days before check-in'),
(uuid_generate_v4(), 'Super Strict', 'Full refund 30 days prior to arrival', '100% refund up to 30 days before check-in'),
(uuid_generate_v4(), 'Non-refundable', 'No refunds available', 'No refunds for any reason'),
(uuid_generate_v4(), 'Flexible Plus', 'Full refund 2 days prior to arrival', '100% refund up to 2 days before check-in'),
(uuid_generate_v4(), 'Moderate Flex', 'Partial refund 3 days prior to arrival', '50% refund up to 3 days before check-in'),
(uuid_generate_v4(), 'Strict Lite', 'Partial refund 10 days prior to arrival', '25% refund up to 10 days before check-in'),
(uuid_generate_v4(), 'Extended Flexible', 'Full refund 14 days prior to arrival', '100% refund up to 14 days before check-in'),
(uuid_generate_v4(), 'Last Minute Flexible', 'Full refund 12 hours prior to arrival', '100% refund up to 12 hours before check-in'),
(uuid_generate_v4(), 'Business Traveler', 'Flexible policy for corporate bookings', '75% refund up to 3 days before check-in'),
(uuid_generate_v4(), 'Long Stay Flexible', 'Special policy for extended stays', '100% refund up to 7 days before check-in'),
(uuid_generate_v4(), 'Peak Season Strict', 'Stricter policy during high demand periods', '50% refund up to 15 days before check-in'),
(uuid_generate_v4(), 'Weekend Special', 'Unique policy for weekend bookings', '25% refund up to 2 days before check-in'),
(uuid_generate_v4(), 'Event Cancellation', 'Special policy for event-related bookings', '75% refund up to 30 days before event'),
(uuid_generate_v4(), 'Seasonal Flexible', 'Seasonal variation of flexible policy', '100% refund up to 5 days before check-in'),
(uuid_generate_v4(), 'Group Booking', 'Policy for large group reservations', '50% refund up to 14 days before check-in'),
(uuid_generate_v4(), 'Premium Flexible', 'High-end flexible cancellation', '100% refund up to 7 days before check-in'),
(uuid_generate_v4(), 'Last Resort', 'Minimal refund option', '10% refund up to 1 day before check-in'),
(uuid_generate_v4(), 'Extreme Flexibility', 'Most lenient cancellation policy', '100% refund up to 1 hour before check-in');


-- Insert Support Ticket Categories
INSERT INTO "SupportTicket" (ticket_id, user_id, category, description, status, created_at) VALUES
(uuid_generate_v4(), (SELECT user_id FROM "User" LIMIT 1), 'Booking Issue', 'Cannot complete booking process', 'open', NOW()),
(uuid_generate_v4(), (SELECT user_id FROM "User" LIMIT 1 OFFSET 1), 'Payment Problem', 'Payment declined', 'in_progress', NOW()),
(uuid_generate_v4(), (SELECT user_id FROM "User" LIMIT 1 OFFSET 2), 'Account Issue', 'Cannot login to account', 'resolved', NOW()),
(uuid_generate_v4(), (SELECT user_id FROM "User" LIMIT 1 OFFSET 3), 'Listing Problem', 'Wrong information in listing', 'open', NOW()),
(uuid_generate_v4(), (SELECT user_id FROM "User" LIMIT 1 OFFSET 4), 'Refund Request', 'Need refund for cancelled booking', 'in_progress', NOW()),
(uuid_generate_v4(), (SELECT user_id FROM "User" LIMIT 1 OFFSET 5), 'Technical Issue', 'App crashes on login', 'open', NOW()),
(uuid_generate_v4(), (SELECT user_id FROM "User" LIMIT 1 OFFSET 6), 'Billing Inquiry', 'Unexpected charge on account', 'in_progress', NOW()),
(uuid_generate_v4(), (SELECT user_id FROM "User" LIMIT 1 OFFSET 7), 'Reservation Problem', 'Double booking detected', 'open', NOW()),
(uuid_generate_v4(), (SELECT user_id FROM "User" LIMIT 1 OFFSET 8), 'Host Communication', 'No response from host', 'in_progress', NOW()),
(uuid_generate_v4(), (SELECT user_id FROM "User" LIMIT 1 OFFSET 9), 'Cancellation Request', 'Need to cancel upcoming booking', 'open', NOW()),
(uuid_generate_v4(), (SELECT user_id FROM "User" LIMIT 1 OFFSET 10), 'Profile Update', 'Cannot modify profile information', 'resolved', NOW()),
(uuid_generate_v4(), (SELECT user_id FROM "User" LIMIT 1 OFFSET 11), 'Payment Method', 'Credit card not accepted', 'in_progress', NOW()),
(uuid_generate_v4(), (SELECT user_id FROM "User" LIMIT 1 OFFSET 12), 'Listing Inquiry', 'Discrepancy in listing details', 'open', NOW()),
(uuid_generate_v4(), (SELECT user_id FROM "User" LIMIT 1 OFFSET 13), 'Security Concern', 'Suspicious account activity', 'in_progress', NOW()),
(uuid_generate_v4(), (SELECT user_id FROM "User" LIMIT 1 OFFSET 14), 'Review Issue', 'Unable to submit review', 'open', NOW()),
(uuid_generate_v4(), (SELECT user_id FROM "User" LIMIT 1 OFFSET 15), 'Messaging Problem', 'Cannot send messages to host', 'resolved', NOW()),
(uuid_generate_v4(), (SELECT user_id FROM "User" LIMIT 1 OFFSET 16), 'Pricing Dispute', 'Price changed after booking', 'in_progress', NOW()),
(uuid_generate_v4(), (SELECT user_id FROM "User" LIMIT 1 OFFSET 17), 'Accessibility', 'Need assistance for special requirements', 'open', NOW()),
(uuid_generate_v4(), (SELECT user_id FROM "User" LIMIT 1 OFFSET 18), 'Rewards Program', 'Missing loyalty points', 'in_progress', NOW()),
(uuid_generate_v4(), (SELECT user_id FROM "User" LIMIT 1 OFFSET 19), 'Data Privacy', 'Request for account data', 'open', NOW());


-- Insert Verifications
INSERT INTO "Verification" (verification_id, user_id, method, status, verified_at) VALUES
(uuid_generate_v4(), (SELECT user_id FROM "User" LIMIT 1), 'Email', 'approved', NOW()),
(uuid_generate_v4(), (SELECT user_id FROM "User" LIMIT 1 OFFSET 1), 'Phone', 'approved', NOW()),
(uuid_generate_v4(), (SELECT user_id FROM "User" LIMIT 1 OFFSET 2), 'Government ID', 'approved', NOW()),
(uuid_generate_v4(), (SELECT user_id FROM "User" LIMIT 1 OFFSET 3), 'Email', 'pending', NOW()),
(uuid_generate_v4(), (SELECT user_id FROM "User" LIMIT 1 OFFSET 4), 'Phone', 'rejected', NOW());

-- Insert Listings (using previously created users and addresses)
INSERT INTO "Listing" (listing_id, host_id, address_id, title, description, created_at, is_active, cancellation_policy_id) VALUES
(uuid_generate_v4(), (SELECT user_id FROM "User" WHERE user_type = 'host' LIMIT 1), (SELECT address_id FROM "Address" LIMIT 1), 'Cozy Downtown Apartment', 'Beautiful apartment in the heart of the city', NOW(), true, (SELECT policy_id FROM "CancellationPolicy" WHERE name = 'Flexible' LIMIT 1)),
(uuid_generate_v4(), (SELECT user_id FROM "User" WHERE user_type = 'host' LIMIT 1 OFFSET 1), (SELECT address_id FROM "Address" LIMIT 1 OFFSET 1), 'Luxury Beach House', 'Stunning beachfront property with ocean views', NOW(), true, (SELECT policy_id FROM "CancellationPolicy" WHERE name = 'Moderate' LIMIT 1)),
(uuid_generate_v4(), (SELECT user_id FROM "User" WHERE user_type = 'host' LIMIT 1 OFFSET 2), (SELECT address_id FROM "Address" LIMIT 1 OFFSET 2), 'Mountain View Cabin', 'Peaceful retreat in the mountains', NOW(), true, (SELECT policy_id FROM "CancellationPolicy" WHERE name = 'Strict' LIMIT 1)),
(uuid_generate_v4(), (SELECT user_id FROM "User" WHERE user_type = 'host' LIMIT 1 OFFSET 3), (SELECT address_id FROM "Address" LIMIT 1 OFFSET 3), 'City Center Loft', 'Modern loft in the business district', NOW(), true, (SELECT policy_id FROM "CancellationPolicy" WHERE name = 'Super Strict' LIMIT 1)),
(uuid_generate_v4(), (SELECT user_id FROM "User" WHERE user_type = 'host' LIMIT 1 OFFSET 4), (SELECT address_id FROM "Address" LIMIT 1 OFFSET 4), 'Historic Townhouse', 'Charming townhouse in historic district', NOW(), true, (SELECT policy_id FROM "CancellationPolicy" WHERE name = 'Non-refundable' LIMIT 1)),
(uuid_generate_v4(), (SELECT user_id FROM "User" WHERE user_type = 'host' LIMIT 1 OFFSET 5), (SELECT address_id FROM "Address" LIMIT 1 OFFSET 5), 'Seaside Cottage', 'Cozy cottage by the sea', NOW(), true, (SELECT policy_id FROM "CancellationPolicy" WHERE name = 'Flexible Plus' LIMIT 1)),
(uuid_generate_v4(), (SELECT user_id FROM "User" WHERE user_type = 'host' LIMIT 1 OFFSET 6), (SELECT address_id FROM "Address" LIMIT 1 OFFSET 6), 'Mountain Lodge', 'Comfortable lodge in the mountains', NOW(), true, (SELECT policy_id FROM "CancellationPolicy" WHERE name = 'Moderate Flex' LIMIT 1)),
(uuid_generate_v4(), (SELECT user_id FROM "User" WHERE user_type = 'host' LIMIT 1 OFFSET 7), (SELECT address_id FROM "Address" LIMIT 1 OFFSET 7), 'Beachfront Villa', 'Luxurious villa with ocean views', NOW(), true, (SELECT policy_id FROM "CancellationPolicy" WHERE name = 'Strict Lite' LIMIT 1)),
(uuid_generate_v4(), (SELECT user_id FROM "User" WHERE user_type = 'host' LIMIT 1 OFFSET 8), (SELECT address_id FROM "Address" LIMIT 1 OFFSET 8), 'Modern Apartment', 'Stylish apartment in the city center', NOW(), true, (SELECT policy_id FROM "CancellationPolicy" WHERE name = 'Extended Flexible' LIMIT 1)),
(uuid_generate_v4(), (SELECT user_id FROM "User" WHERE user_type = 'host' LIMIT 1 OFFSET 9), (SELECT address_id FROM "Address" LIMIT 1 OFFSET 9), 'Historic Townhouse', 'Charming townhouse in historic district', NOW(), true, (SELECT policy_id FROM "CancellationPolicy" WHERE name = 'Last Minute Flexible' LIMIT 1)),
(uuid_generate_v4(), (SELECT user_id FROM "User" WHERE user_type = 'host' LIMIT 1), (SELECT address_id FROM "Address" LIMIT 1 OFFSET 10), 'Eco-Friendly Treehouse', 'Sustainable living in the forest', NOW(), true, (SELECT policy_id FROM "CancellationPolicy" WHERE name = 'Business Traveler' LIMIT 1)),
(uuid_generate_v4(), (SELECT user_id FROM "User" WHERE user_type = 'host' LIMIT 1 OFFSET 1), (SELECT address_id FROM "Address" LIMIT 1 OFFSET 11), 'Urban Rooftop Loft', 'Stunning city views from a modern loft', NOW(), true, (SELECT policy_id FROM "CancellationPolicy" WHERE name = 'Long Stay Flexible' LIMIT 1)),
(uuid_generate_v4(), (SELECT user_id FROM "User" WHERE user_type = 'host' LIMIT 1 OFFSET 2), (SELECT address_id FROM "Address" LIMIT 1 OFFSET 12), 'Rustic Farm Stay', 'Authentic countryside experience', NOW(), true, (SELECT policy_id FROM "CancellationPolicy" WHERE name = 'Peak Season Strict' LIMIT 1)),
(uuid_generate_v4(), (SELECT user_id FROM "User" WHERE user_type = 'host' LIMIT 1 OFFSET 3), (SELECT address_id FROM "Address" LIMIT 1 OFFSET 13), 'Luxury Ski Chalet', 'Premium accommodation near ski slopes', NOW(), true, (SELECT policy_id FROM "CancellationPolicy" WHERE name = 'Weekend Special' LIMIT 1)),
(uuid_generate_v4(), (SELECT user_id FROM "User" WHERE user_type = 'host' LIMIT 1 OFFSET 4), (SELECT address_id FROM "Address" LIMIT 1 OFFSET 14), 'Desert Retreat', 'Peaceful oasis in the desert landscape', NOW(), true, (SELECT policy_id FROM "CancellationPolicy" WHERE name = 'Event Cancellation' LIMIT 1)),
(uuid_generate_v4(), (SELECT user_id FROM "User" WHERE user_type = 'host' LIMIT 1 OFFSET 5), (SELECT address_id FROM "Address" LIMIT 1 OFFSET 15), 'Vineyard Cottage', 'Charming stay in wine country', NOW(), true, (SELECT policy_id FROM "CancellationPolicy" WHERE name = 'Seasonal Flexible' LIMIT 1)),
(uuid_generate_v4(), (SELECT user_id FROM "User" WHERE user_type = 'host' LIMIT 1 OFFSET 6), (SELECT address_id FROM "Address" LIMIT 1 OFFSET 16), 'Riverside Cabin', 'Tranquil retreat by the river', NOW(), true, (SELECT policy_id FROM "CancellationPolicy" WHERE name = 'Group Booking' LIMIT 1)),
(uuid_generate_v4(), (SELECT user_id FROM "User" WHERE user_type = 'host' LIMIT 1 OFFSET 7), (SELECT address_id FROM "Address" LIMIT 1 OFFSET 17), 'Urban Garden Apartment', 'Green living in the city', NOW(), true, (SELECT policy_id FROM "CancellationPolicy" WHERE name = 'Premium Flexible' LIMIT 1)),
(uuid_generate_v4(), (SELECT user_id FROM "User" WHERE user_type = 'host' LIMIT 1 OFFSET 8), (SELECT address_id FROM "Address" LIMIT 1 OFFSET 18), 'Coastal Lighthouse Keeper''s House', 'Unique stay with panoramic ocean views', NOW(), true, (SELECT policy_id FROM "CancellationPolicy" WHERE name = 'Last Resort' LIMIT 1)),
(uuid_generate_v4(), (SELECT user_id FROM "User" WHERE user_type = 'host' LIMIT 1 OFFSET 9), (SELECT address_id FROM "Address" LIMIT 1 OFFSET 19), 'Mountain View Chalet', 'Charming chalet with stunning mountain views', NOW(), true, (SELECT policy_id FROM "CancellationPolicy" WHERE name = 'Extreme Flexibility' LIMIT 1));

-- Insert ListingRoomType
INSERT INTO "ListingRoomType" (listing_id, room_type_id) VALUES
((SELECT listing_id FROM "Listing" LIMIT 1), (SELECT room_type_id FROM "RoomType" LIMIT 1)),
((SELECT listing_id FROM "Listing" LIMIT 1 OFFSET 1), (SELECT room_type_id FROM "RoomType" LIMIT 1 OFFSET 1)),
((SELECT listing_id FROM "Listing" LIMIT 1 OFFSET 2), (SELECT room_type_id FROM "RoomType" LIMIT 1 OFFSET 2)),
((SELECT listing_id FROM "Listing" LIMIT 1 OFFSET 3), (SELECT room_type_id FROM "RoomType" LIMIT 1 OFFSET 3)),
((SELECT listing_id FROM "Listing" LIMIT 1 OFFSET 4), (SELECT room_type_id FROM "RoomType" LIMIT 1 OFFSET 4)),
((SELECT listing_id FROM "Listing" LIMIT 1 OFFSET 5), (SELECT room_type_id FROM "RoomType" LIMIT 1 OFFSET 5)),
((SELECT listing_id FROM "Listing" LIMIT 1 OFFSET 6), (SELECT room_type_id FROM "RoomType" LIMIT 1 OFFSET 6)),
((SELECT listing_id FROM "Listing" LIMIT 1 OFFSET 7), (SELECT room_type_id FROM "RoomType" LIMIT 1 OFFSET 7)),
((SELECT listing_id FROM "Listing" LIMIT 1 OFFSET 8), (SELECT room_type_id FROM "RoomType" LIMIT 1 OFFSET 8)),
((SELECT listing_id FROM "Listing" LIMIT 1 OFFSET 9), (SELECT room_type_id FROM "RoomType" LIMIT 1 OFFSET 9)),
((SELECT listing_id FROM "Listing" LIMIT 1 OFFSET 10), (SELECT room_type_id FROM "RoomType" LIMIT 1 OFFSET 10)),
((SELECT listing_id FROM "Listing" LIMIT 1 OFFSET 11), (SELECT room_type_id FROM "RoomType" LIMIT 1 OFFSET 11)),
((SELECT listing_id FROM "Listing" LIMIT 1 OFFSET 12), (SELECT room_type_id FROM "RoomType" LIMIT 1 OFFSET 12)),
((SELECT listing_id FROM "Listing" LIMIT 1 OFFSET 13), (SELECT room_type_id FROM "RoomType" LIMIT 1 OFFSET 13)),
((SELECT listing_id FROM "Listing" LIMIT 1 OFFSET 14), (SELECT room_type_id FROM "RoomType" LIMIT 1 OFFSET 14)),
((SELECT listing_id FROM "Listing" LIMIT 1 OFFSET 15), (SELECT room_type_id FROM "RoomType" LIMIT 1 OFFSET 15)),
((SELECT listing_id FROM "Listing" LIMIT 1 OFFSET 16), (SELECT room_type_id FROM "RoomType" LIMIT 1 OFFSET 16)),
((SELECT listing_id FROM "Listing" LIMIT 1 OFFSET 17), (SELECT room_type_id FROM "RoomType" LIMIT 1 OFFSET 17)),
((SELECT listing_id FROM "Listing" LIMIT 1 OFFSET 18), (SELECT room_type_id FROM "RoomType" LIMIT 1 OFFSET 18)),
((SELECT listing_id FROM "Listing" LIMIT 1 OFFSET 19), (SELECT room_type_id FROM "RoomType" LIMIT 1 OFFSET 19));


-- Insert ListingAmenity
INSERT INTO "ListingAmenity" (listing_id, amenity_id) VALUES
((SELECT listing_id FROM "Listing" LIMIT 1), (SELECT amenity_id FROM "Amenity" LIMIT 1)),
((SELECT listing_id FROM "Listing" LIMIT 1), (SELECT amenity_id FROM "Amenity" LIMIT 1 OFFSET 1)),
((SELECT listing_id FROM "Listing" LIMIT 1 OFFSET 1), (SELECT amenity_id FROM "Amenity" LIMIT 1 OFFSET 2)),
((SELECT listing_id FROM "Listing" LIMIT 1 OFFSET 1), (SELECT amenity_id FROM "Amenity" LIMIT 1 OFFSET 3)),
((SELECT listing_id FROM "Listing" LIMIT 1 OFFSET 2), (SELECT amenity_id FROM "Amenity" LIMIT 1 OFFSET 4)),
((SELECT listing_id FROM "Listing" LIMIT 1 OFFSET 2), (SELECT amenity_id FROM "Amenity" LIMIT 1 OFFSET 5)),
((SELECT listing_id FROM "Listing" LIMIT 1 OFFSET 3), (SELECT amenity_id FROM "Amenity" LIMIT 1 OFFSET 6)),
((SELECT listing_id FROM "Listing" LIMIT 1 OFFSET 3), (SELECT amenity_id FROM "Amenity" LIMIT 1 OFFSET 7)),
((SELECT listing_id FROM "Listing" LIMIT 1 OFFSET 4), (SELECT amenity_id FROM "Amenity" LIMIT 1 OFFSET 8)),
((SELECT listing_id FROM "Listing" LIMIT 1 OFFSET 4), (SELECT amenity_id FROM "Amenity" LIMIT 1 OFFSET 9)),
((SELECT listing_id FROM "Listing" LIMIT 1 OFFSET 5), (SELECT amenity_id FROM "Amenity" LIMIT 1 OFFSET 10)),
((SELECT listing_id FROM "Listing" LIMIT 1 OFFSET 5), (SELECT amenity_id FROM "Amenity" LIMIT 1 OFFSET 11)),
((SELECT listing_id FROM "Listing" LIMIT 1 OFFSET 6), (SELECT amenity_id FROM "Amenity" LIMIT 1 OFFSET 12)),
((SELECT listing_id FROM "Listing" LIMIT 1 OFFSET 6), (SELECT amenity_id FROM "Amenity" LIMIT 1 OFFSET 13)),
((SELECT listing_id FROM "Listing" LIMIT 1 OFFSET 7), (SELECT amenity_id FROM "Amenity" LIMIT 1 OFFSET 14)),
((SELECT listing_id FROM "Listing" LIMIT 1 OFFSET 7), (SELECT amenity_id FROM "Amenity" LIMIT 1 OFFSET 15)),
((SELECT listing_id FROM "Listing" LIMIT 1 OFFSET 8), (SELECT amenity_id FROM "Amenity" LIMIT 1 OFFSET 16)),
((SELECT listing_id FROM "Listing" LIMIT 1 OFFSET 8), (SELECT amenity_id FROM "Amenity" LIMIT 1 OFFSET 17)),
((SELECT listing_id FROM "Listing" LIMIT 1 OFFSET 9), (SELECT amenity_id FROM "Amenity" LIMIT 1 OFFSET 18)),
((SELECT listing_id FROM "Listing" LIMIT 1 OFFSET 9), (SELECT amenity_id FROM "Amenity" LIMIT 1 OFFSET 19));


-- Insert Bookings
INSERT INTO "Booking" (booking_id, guest_id, listing_id, start_date, end_date, num_guests, booking_status, created_at) VALUES
(uuid_generate_v4(), (SELECT user_id FROM "User" WHERE user_type = 'guest' LIMIT 1), (SELECT listing_id FROM "Listing" LIMIT 1), '2024-03-01', '2024-03-05', 2, 'confirmed', NOW()),
(uuid_generate_v4(), (SELECT user_id FROM "User" WHERE user_type = 'guest' LIMIT 1 OFFSET 1), (SELECT listing_id FROM "Listing" LIMIT 1 OFFSET 1), '2024-03-10', '2024-03-15', 4, 'pending', NOW()),
(uuid_generate_v4(), (SELECT user_id FROM "User" WHERE user_type = 'guest' LIMIT 1 OFFSET 2), (SELECT listing_id FROM "Listing" LIMIT 1 OFFSET 2), '2024-03-20', '2024-03-25', 2, 'completed', NOW()),
(uuid_generate_v4(), (SELECT user_id FROM "User" WHERE user_type = 'guest' LIMIT 1 OFFSET 3), (SELECT listing_id FROM "Listing" LIMIT 1 OFFSET 3), '2024-04-01', '2024-04-05', 3, 'cancelled', NOW()),
(uuid_generate_v4(), (SELECT user_id FROM "User" WHERE user_type = 'guest' LIMIT 1 OFFSET 4), (SELECT listing_id FROM "Listing" LIMIT 1 OFFSET 4), '2024-04-10', '2024-04-15', 2, 'confirmed', NOW()),
(uuid_generate_v4(), (SELECT user_id FROM "User" WHERE user_type = 'guest' LIMIT 1 OFFSET 5), (SELECT listing_id FROM "Listing" LIMIT 1 OFFSET 5), '2024-04-20', '2024-04-25', 1, 'pending', NOW()),
(uuid_generate_v4(), (SELECT user_id FROM "User" WHERE user_type = 'guest' LIMIT 1 OFFSET 6), (SELECT listing_id FROM "Listing" LIMIT 1 OFFSET 6), '2024-05-01', '2024-05-05', 3, 'completed', NOW()),
(uuid_generate_v4(), (SELECT user_id FROM "User" WHERE user_type = 'guest' LIMIT 1 OFFSET 7), (SELECT listing_id FROM "Listing" LIMIT 1 OFFSET 7), '2024-05-10', '2024-05-15', 2, 'confirmed', NOW()),
(uuid_generate_v4(), (SELECT user_id FROM "User" WHERE user_type = 'guest' LIMIT 1 OFFSET 8), (SELECT listing_id FROM "Listing" LIMIT 1 OFFSET 8), '2024-05-20', '2024-05-25', 4, 'pending', NOW()),
(uuid_generate_v4(), (SELECT user_id FROM "User" WHERE user_type = 'guest' LIMIT 1 OFFSET 9), (SELECT listing_id FROM "Listing" LIMIT 1 OFFSET 9), '2024-06-01', '2024-06-05', 2, 'cancelled', NOW()),
(uuid_generate_v4(), (SELECT user_id FROM "User" WHERE user_type = 'guest' LIMIT 1), (SELECT listing_id FROM "Listing" LIMIT 1 OFFSET 10), '2024-06-10', '2024-06-15', 3, 'completed', NOW()),
(uuid_generate_v4(), (SELECT user_id FROM "User" WHERE user_type = 'guest' LIMIT 1 OFFSET 1), (SELECT listing_id FROM "Listing" LIMIT 1 OFFSET 11), '2024-06-20', '2024-06-25', 1, 'confirmed', NOW()),
(uuid_generate_v4(), (SELECT user_id FROM "User" WHERE user_type = 'guest' LIMIT 1 OFFSET 2), (SELECT listing_id FROM "Listing" LIMIT 1 OFFSET 12), '2024-07-01', '2024-07-05', 2, 'pending', NOW()),
(uuid_generate_v4(), (SELECT user_id FROM "User" WHERE user_type = 'guest' LIMIT 1 OFFSET 3), (SELECT listing_id FROM "Listing" LIMIT 1 OFFSET 13), '2024-07-10', '2024-07-15', 4, 'confirmed', NOW()),
(uuid_generate_v4(), (SELECT user_id FROM "User" WHERE user_type = 'guest' LIMIT 1 OFFSET 4), (SELECT listing_id FROM "Listing" LIMIT 1 OFFSET 14), '2024-07-20', '2024-07-25', 3, 'completed', NOW()),
(uuid_generate_v4(), (SELECT user_id FROM "User" WHERE user_type = 'guest' LIMIT 1 OFFSET 5), (SELECT listing_id FROM "Listing" LIMIT 1 OFFSET 15), '2024-08-01', '2024-08-05', 2, 'cancelled', NOW()),
(uuid_generate_v4(), (SELECT user_id FROM "User" WHERE user_type = 'guest' LIMIT 1 OFFSET 6), (SELECT listing_id FROM "Listing" LIMIT 1 OFFSET 16), '2024-08-10', '2024-08-15', 1, 'pending', NOW()),
(uuid_generate_v4(), (SELECT user_id FROM "User" WHERE user_type = 'guest' LIMIT 1 OFFSET 7), (SELECT listing_id FROM "Listing" LIMIT 1 OFFSET 17), '2024-08-20', '2024-08-25', 3, 'confirmed', NOW()),
(uuid_generate_v4(), (SELECT user_id FROM "User" WHERE user_type = 'guest' LIMIT 1 OFFSET 8), (SELECT listing_id FROM "Listing" LIMIT 1 OFFSET 18), '2024-09-01', '2024-09-05', 2, 'completed', NOW());

-- Insert Reviews
INSERT INTO "Review" (review_id, reviewer_id, reviewee_id, booking_id, rating, comment, created_at) VALUES
(uuid_generate_v4(), (SELECT user_id FROM "User" WHERE user_type = 'guest' LIMIT 1), (SELECT user_id FROM "User" WHERE user_type = 'host' LIMIT 1), (SELECT booking_id FROM "Booking" LIMIT 1), 5, 'Excellent stay!', NOW()),
(uuid_generate_v4(), (SELECT user_id FROM "User" WHERE user_type = 'guest' LIMIT 1 OFFSET 1), (SELECT user_id FROM "User" WHERE user_type = 'host' LIMIT 1 OFFSET 1), (SELECT booking_id FROM "Booking" LIMIT 1 OFFSET 1), 4, 'Great location!', NOW()),
(uuid_generate_v4(), (SELECT user_id FROM "User" WHERE user_type = 'guest' LIMIT 1 OFFSET 2), (SELECT user_id FROM "User" WHERE user_type = 'host' LIMIT 1 OFFSET 2), (SELECT booking_id FROM "Booking" LIMIT 1 OFFSET 2), 5, 'Perfect vacation!', NOW()),
(uuid_generate_v4(), (SELECT user_id FROM "User" WHERE user_type = 'guest' LIMIT 1 OFFSET 3), (SELECT user_id FROM "User" WHERE user_type = 'host' LIMIT 1 OFFSET 3), (SELECT booking_id FROM "Booking" LIMIT 1 OFFSET 3), 3, 'Good but could be better', NOW()),
(uuid_generate_v4(), (SELECT user_id FROM "User" WHERE user_type = 'guest' LIMIT 1 OFFSET 4), (SELECT user_id FROM "User" WHERE user_type = 'host' LIMIT 1 OFFSET 4), (SELECT booking_id FROM "Booking" LIMIT 1 OFFSET 4), 5, 'Amazing experience!', NOW()),
(uuid_generate_v4(), (SELECT user_id FROM "User" WHERE user_type = 'guest' LIMIT 1 OFFSET 5), (SELECT user_id FROM "User" WHERE user_type = 'host' LIMIT 1 OFFSET 5), (SELECT booking_id FROM "Booking" LIMIT 1 OFFSET 5), 4, 'Comfortable and clean', NOW()),
(uuid_generate_v4(), (SELECT user_id FROM "User" WHERE user_type = 'guest' LIMIT 1 OFFSET 6), (SELECT user_id FROM "User" WHERE user_type = 'host' LIMIT 1 OFFSET 6), (SELECT booking_id FROM "Booking" LIMIT 1 OFFSET 6), 5, 'Breathtaking views!', NOW()),
(uuid_generate_v4(), (SELECT user_id FROM "User" WHERE user_type = 'guest' LIMIT 1 OFFSET 7), (SELECT user_id FROM "User" WHERE user_type = 'host' LIMIT 1 OFFSET 7), (SELECT booking_id FROM "Booking" LIMIT 1 OFFSET 7), 4, 'Nice amenities', NOW()),
(uuid_generate_v4(), (SELECT user_id FROM "User" WHERE user_type = 'guest' LIMIT 1 OFFSET 8), (SELECT user_id FROM "User" WHERE user_type = 'host' LIMIT 1 OFFSET 8), (SELECT booking_id FROM "Booking" LIMIT 1 OFFSET 8), 3, 'Decent stay', NOW()),
(uuid_generate_v4(), (SELECT user_id FROM "User" WHERE user_type = 'guest' LIMIT 1 OFFSET 9), (SELECT user_id FROM "User" WHERE user_type = 'host' LIMIT 1 OFFSET 9), (SELECT booking_id FROM "Booking" LIMIT 1 OFFSET 9), 5, 'Absolutely loved it!', NOW()),
(uuid_generate_v4(), (SELECT user_id FROM "User" WHERE user_type = 'guest' LIMIT 1), (SELECT user_id FROM "User" WHERE user_type = 'host' LIMIT 1), (SELECT booking_id FROM "Booking" LIMIT 1 OFFSET 10), 4, 'Great hospitality', NOW()),
(uuid_generate_v4(), (SELECT user_id FROM "User" WHERE user_type = 'guest' LIMIT 1 OFFSET 1), (SELECT user_id FROM "User" WHERE user_type = 'host' LIMIT 1 OFFSET 1), (SELECT booking_id FROM "Booking" LIMIT 1 OFFSET 11), 5, 'Exceeded expectations', NOW()),
(uuid_generate_v4(), (SELECT user_id FROM "User" WHERE user_type = 'guest' LIMIT 1 OFFSET 2), (SELECT user_id FROM "User" WHERE user_type = 'host' LIMIT 1 OFFSET 2), (SELECT booking_id FROM "Booking" LIMIT 1 OFFSET 12), 3, 'Needs improvement', NOW()),
(uuid_generate_v4(), (SELECT user_id FROM "User" WHERE user_type = 'guest' LIMIT 1 OFFSET 3), (SELECT user_id FROM "User" WHERE user_type = 'host' LIMIT 1 OFFSET 3), (SELECT booking_id FROM "Booking" LIMIT 1 OFFSET 13), 4, 'Comfortable stay', NOW()),
(uuid_generate_v4(), (SELECT user_id FROM "User" WHERE user_type = 'guest' LIMIT 1 OFFSET 4), (SELECT user_id FROM "User" WHERE user_type = 'host' LIMIT 1 OFFSET 4), (SELECT booking_id FROM "Booking" LIMIT 1 OFFSET 14), 5, 'Fantastic location', NOW()),
(uuid_generate_v4(), (SELECT user_id FROM "User" WHERE user_type = 'guest' LIMIT 1 OFFSET 5), (SELECT user_id FROM "User" WHERE user_type = 'host' LIMIT 1 OFFSET 5), (SELECT booking_id FROM "Booking" LIMIT 1 OFFSET 15), 3, 'Average experience', NOW()),
(uuid_generate_v4(), (SELECT user_id FROM "User" WHERE user_type = 'guest' LIMIT 1 OFFSET 6), (SELECT user_id FROM "User" WHERE user_type = 'host' LIMIT 1 OFFSET 6), (SELECT booking_id FROM "Booking" LIMIT 1 OFFSET 16), 4, 'Good value', NOW()),
(uuid_generate_v4(), (SELECT user_id FROM "User" WHERE user_type = 'guest' LIMIT 1 OFFSET 7), (SELECT user_id FROM "User" WHERE user_type = 'host' LIMIT 1 OFFSET 7), (SELECT booking_id FROM "Booking" LIMIT 1 OFFSET 17), 5, 'Would definitely return', NOW()),
(uuid_generate_v4(), (SELECT user_id FROM "User" WHERE user_type = 'guest' LIMIT 1 OFFSET 8), (SELECT user_id FROM "User" WHERE user_type = 'host' LIMIT 1 OFFSET 8), (SELECT booking_id FROM "Booking" LIMIT 1 OFFSET 18), 4, 'Lovely property', NOW());

-- Insert Review Scores
INSERT INTO "ReviewScore" (review_id, category_id, score) VALUES
((SELECT review_id FROM "Review" LIMIT 1), (SELECT category_id FROM "ReviewCategory" LIMIT 1), 5),
((SELECT review_id FROM "Review" LIMIT 1), (SELECT category_id FROM "ReviewCategory" LIMIT 1 OFFSET 1), 5),
((SELECT review_id FROM "Review" LIMIT 1 OFFSET 1), (SELECT category_id FROM "ReviewCategory" LIMIT 1), 4),
((SELECT review_id FROM "Review" LIMIT 1 OFFSET 1), (SELECT category_id FROM "ReviewCategory" LIMIT 1 OFFSET 1), 4),
((SELECT review_id FROM "Review" LIMIT 1 OFFSET 2), (SELECT category_id FROM "ReviewCategory" LIMIT 1), 5),
((SELECT review_id FROM "Review" LIMIT 1 OFFSET 2), (SELECT category_id FROM "ReviewCategory" LIMIT 1 OFFSET 1), 5),
((SELECT review_id FROM "Review" LIMIT 1 OFFSET 3), (SELECT category_id FROM "ReviewCategory" LIMIT 1), 3),
((SELECT review_id FROM "Review" LIMIT 1 OFFSET 3), (SELECT category_id FROM "ReviewCategory" LIMIT 1 OFFSET 1), 3),
((SELECT review_id FROM "Review" LIMIT 1 OFFSET 4), (SELECT category_id FROM "ReviewCategory" LIMIT 1), 5),
((SELECT review_id FROM "Review" LIMIT 1 OFFSET 4), (SELECT category_id FROM "ReviewCategory" LIMIT 1 OFFSET 1), 5),
((SELECT review_id FROM "Review" LIMIT 1 OFFSET 5), (SELECT category_id FROM "ReviewCategory" LIMIT 1), 4),
((SELECT review_id FROM "Review" LIMIT 1 OFFSET 5), (SELECT category_id FROM "ReviewCategory" LIMIT 1 OFFSET 1), 4),
((SELECT review_id FROM "Review" LIMIT 1 OFFSET 6), (SELECT category_id FROM "ReviewCategory" LIMIT 1), 5),
((SELECT review_id FROM "Review" LIMIT 1 OFFSET 6), (SELECT category_id FROM "ReviewCategory" LIMIT 1 OFFSET 1), 5),
((SELECT review_id FROM "Review" LIMIT 1 OFFSET 7), (SELECT category_id FROM "ReviewCategory" LIMIT 1), 4),
((SELECT review_id FROM "Review" LIMIT 1 OFFSET 7), (SELECT category_id FROM "ReviewCategory" LIMIT 1 OFFSET 1), 4),
((SELECT review_id FROM "Review" LIMIT 1 OFFSET 8), (SELECT category_id FROM "ReviewCategory" LIMIT 1), 3),
((SELECT review_id FROM "Review" LIMIT 1 OFFSET 8), (SELECT category_id FROM "ReviewCategory" LIMIT 1 OFFSET 1), 3),
((SELECT review_id FROM "Review" LIMIT 1 OFFSET 9), (SELECT category_id FROM "ReviewCategory" LIMIT 1), 5),
((SELECT review_id FROM "Review" LIMIT 1 OFFSET 9), (SELECT category_id FROM "ReviewCategory" LIMIT 1 OFFSET 1), 5),
((SELECT review_id FROM "Review" LIMIT 1), (SELECT category_id FROM "ReviewCategory" LIMIT 1 OFFSET 2), 4),
((SELECT review_id FROM "Review" LIMIT 1 OFFSET 1), (SELECT category_id FROM "ReviewCategory" LIMIT 1 OFFSET 2), 4),
((SELECT review_id FROM "Review" LIMIT 1 OFFSET 2), (SELECT category_id FROM "ReviewCategory" LIMIT 1 OFFSET 2), 5),
((SELECT review_id FROM "Review" LIMIT 1 OFFSET 3), (SELECT category_id FROM "ReviewCategory" LIMIT 1 OFFSET 2), 3),
((SELECT review_id FROM "Review" LIMIT 1 OFFSET 4), (SELECT category_id FROM "ReviewCategory" LIMIT 1 OFFSET 2), 5),
((SELECT review_id FROM "Review" LIMIT 1 OFFSET 5), (SELECT category_id FROM "ReviewCategory" LIMIT 1 OFFSET 2), 4),
((SELECT review_id FROM "Review" LIMIT 1 OFFSET 6), (SELECT category_id FROM "ReviewCategory" LIMIT 1 OFFSET 2), 5),
((SELECT review_id FROM "Review" LIMIT 1 OFFSET 7), (SELECT category_id FROM "ReviewCategory" LIMIT 1 OFFSET 2), 4),
((SELECT review_id FROM "Review" LIMIT 1 OFFSET 8), (SELECT category_id FROM "ReviewCategory" LIMIT 1 OFFSET 2), 3),
((SELECT review_id FROM "Review" LIMIT 1 OFFSET 9), (SELECT category_id FROM "ReviewCategory" LIMIT 1 OFFSET 2), 5);

-- Insert Pricing
INSERT INTO "Pricing" (pricing_id, listing_id, date, price_per_night, min_nights, max_nights, discount) VALUES
(uuid_generate_v4(), (SELECT listing_id FROM "Listing" LIMIT 1), '2024-03-01', 150.00, 2, 14, 0.00),
(uuid_generate_v4(), (SELECT listing_id FROM "Listing" LIMIT 1 OFFSET 1), '2024-03-01', 300.00, 3, 30, 0.10),
(uuid_generate_v4(), (SELECT listing_id FROM "Listing" LIMIT 1 OFFSET 2), '2024-03-01', 200.00, 2, 14, 0.05),
(uuid_generate_v4(), (SELECT listing_id FROM "Listing" LIMIT 1 OFFSET 3), '2024-03-01', 250.00, 1, 7, 0.00),
(uuid_generate_v4(), (SELECT listing_id FROM "Listing" LIMIT 1 OFFSET 4), '2024-03-01', 175.00, 2, 14, 0.00),
(uuid_generate_v4(), (SELECT listing_id FROM "Listing" LIMIT 1 OFFSET 5), '2024-04-01', 220.00, 3, 21, 0.15),
(uuid_generate_v4(), (SELECT listing_id FROM "Listing" LIMIT 1 OFFSET 6), '2024-04-01', 180.00, 2, 10, 0.05),
(uuid_generate_v4(), (SELECT listing_id FROM "Listing" LIMIT 1 OFFSET 7), '2024-04-01', 300.00, 4, 30, 0.20),
(uuid_generate_v4(), (SELECT listing_id FROM "Listing" LIMIT 1 OFFSET 8), '2024-05-01', 190.00, 2, 14, 0.00),
(uuid_generate_v4(), (SELECT listing_id FROM "Listing" LIMIT 1 OFFSET 9), '2024-05-01', 260.00, 3, 21, 0.10),
(uuid_generate_v4(), (SELECT listing_id FROM "Listing" LIMIT 1 OFFSET 10), '2024-06-01', 200.00, 2, 14, 0.05),
(uuid_generate_v4(), (SELECT listing_id FROM "Listing" LIMIT 1 OFFSET 11), '2024-06-01', 280.00, 3, 30, 0.15),
(uuid_generate_v4(), (SELECT listing_id FROM "Listing" LIMIT 1 OFFSET 12), '2024-07-01', 210.00, 2, 10, 0.00),
(uuid_generate_v4(), (SELECT listing_id FROM "Listing" LIMIT 1 OFFSET 13), '2024-07-01', 320.00, 4, 30, 0.25),
(uuid_generate_v4(), (SELECT listing_id FROM "Listing" LIMIT 1 OFFSET 14), '2024-07-01', 240.00, 3, 21, 0.10),
(uuid_generate_v4(), (SELECT listing_id FROM "Listing" LIMIT 1 OFFSET 15), '2024-08-01', 190.00, 2, 14, 0.05),
(uuid_generate_v4(), (SELECT listing_id FROM "Listing" LIMIT 1 OFFSET 16), '2024-08-01', 270.00, 3, 30, 0.15),
(uuid_generate_v4(), (SELECT listing_id FROM "Listing" LIMIT 1 OFFSET 17), '2024-08-01', 220.00, 2, 10, 0.00),
(uuid_generate_v4(), (SELECT listing_id FROM "Listing" LIMIT 1 OFFSET 18), '2024-09-01', 250.00, 3, 21, 0.10),
(uuid_generate_v4(), (SELECT listing_id FROM "Listing" LIMIT 1 OFFSET 19), '2024-09-01', 300.00, 4, 30, 0.20);

-- Insert Availability
INSERT INTO "Availability" (listing_id, date, is_available, note) VALUES
((SELECT listing_id FROM "Listing" LIMIT 1), '2024-03-01', true, 'Available'),
((SELECT listing_id FROM "Listing" LIMIT 1), '2024-03-02', true, 'Available'),
((SELECT listing_id FROM "Listing" LIMIT 1), '2024-03-03', false, 'Booked'),
((SELECT listing_id FROM "Listing" LIMIT 1), '2024-03-04', true, 'Available'),
((SELECT listing_id FROM "Listing" LIMIT 1), '2024-03-05', true, 'Available'),
((SELECT listing_id FROM "Listing" LIMIT 1 OFFSET 1), '2024-03-10', true, 'Available'),
((SELECT listing_id FROM "Listing" LIMIT 1 OFFSET 1), '2024-03-11', true, 'Available'),
((SELECT listing_id FROM "Listing" LIMIT 1 OFFSET 1), '2024-03-12', false, 'Booked'),
((SELECT listing_id FROM "Listing" LIMIT 1 OFFSET 2), '2024-03-20', true, 'Available'),
((SELECT listing_id FROM "Listing" LIMIT 1 OFFSET 2), '2024-03-21', true, 'Available'),
((SELECT listing_id FROM "Listing" LIMIT 1 OFFSET 3), '2024-04-01', false, 'Booked'),
((SELECT listing_id FROM "Listing" LIMIT 1 OFFSET 3), '2024-04-02', true, 'Available'),
((SELECT listing_id FROM "Listing" LIMIT 1 OFFSET 4), '2024-04-10', true, 'Available'),
((SELECT listing_id FROM "Listing" LIMIT 1 OFFSET 4), '2024-04-11', true, 'Available'),
((SELECT listing_id FROM "Listing" LIMIT 1 OFFSET 5), '2024-04-20', true, 'Available'),
((SELECT listing_id FROM "Listing" LIMIT 1 OFFSET 5), '2024-04-21', false, 'Booked'),
((SELECT listing_id FROM "Listing" LIMIT 1 OFFSET 6), '2024-05-01', true, 'Available'),
((SELECT listing_id FROM "Listing" LIMIT 1 OFFSET 6), '2024-05-02', true, 'Available'),
((SELECT listing_id FROM "Listing" LIMIT 1 OFFSET 7), '2024-05-10', false, 'Booked'),
((SELECT listing_id FROM "Listing" LIMIT 1 OFFSET 7), '2024-05-11', true, 'Available');

-- Insert Payments
INSERT INTO "Payment" (payment_id, booking_id, amount, currency, payment_date, payment_method, commission_fee, payout_amount) VALUES
(uuid_generate_v4(), (SELECT booking_id FROM "Booking" LIMIT 1), 600.00, 'USD', NOW(), 'Credit Card', 60.00, 540.00),
(uuid_generate_v4(), (SELECT booking_id FROM "Booking" LIMIT 1 OFFSET 1), 1200.00, 'USD', NOW(), 'PayPal', 120.00, 1080.00),
(uuid_generate_v4(), (SELECT booking_id FROM "Booking" LIMIT 1 OFFSET 2), 800.00, 'USD', NOW(), 'Credit Card', 80.00, 720.00),
(uuid_generate_v4(), (SELECT booking_id FROM "Booking" LIMIT 1 OFFSET 3), 1000.00, 'USD', NOW(), 'Bank Transfer', 100.00, 900.00),
(uuid_generate_v4(), (SELECT booking_id FROM "Booking" LIMIT 1 OFFSET 4), 700.00, 'USD', NOW(), 'Credit Card', 70.00, 630.00),
(uuid_generate_v4(), (SELECT booking_id FROM "Booking" LIMIT 1 OFFSET 5), 880.00, 'USD', NOW(), 'PayPal', 88.00, 792.00),
(uuid_generate_v4(), (SELECT booking_id FROM "Booking" LIMIT 1 OFFSET 6), 600.00, 'USD', NOW(), 'Bank Transfer', 60.00, 540.00),
(uuid_generate_v4(), (SELECT booking_id FROM "Booking" LIMIT 1 OFFSET 7), 1400.00, 'USD', NOW(), 'Credit Card', 140.00, 1260.00),
(uuid_generate_v4(), (SELECT booking_id FROM "Booking" LIMIT 1 OFFSET 8), 760.00, 'USD', NOW(), 'PayPal', 76.00, 684.00),
(uuid_generate_v4(), (SELECT booking_id FROM "Booking" LIMIT 1 OFFSET 9), 1040.00, 'USD', NOW(), 'Bank Transfer', 104.00, 936.00),
(uuid_generate_v4(), (SELECT booking_id FROM "Booking" LIMIT 1 OFFSET 10), 920.00, 'USD', NOW(), 'Credit Card', 92.00, 828.00),
(uuid_generate_v4(), (SELECT booking_id FROM "Booking" LIMIT 1 OFFSET 11), 680.00, 'USD', NOW(), 'PayPal', 68.00, 612.00),
(uuid_generate_v4(), (SELECT booking_id FROM "Booking" LIMIT 1 OFFSET 12), 1160.00, 'USD', NOW(), 'Bank Transfer', 116.00, 1044.00),
(uuid_generate_v4(), (SELECT booking_id FROM "Booking" LIMIT 1 OFFSET 13), 1280.00, 'USD', NOW(), 'Credit Card', 128.00, 1152.00),
(uuid_generate_v4(), (SELECT booking_id FROM "Booking" LIMIT 1 OFFSET 14), 960.00, 'USD', NOW(), 'PayPal', 96.00, 864.00),
(uuid_generate_v4(), (SELECT booking_id FROM "Booking" LIMIT 1 OFFSET 15), 760.00, 'USD', NOW(), 'Bank Transfer', 76.00, 684.00),
(uuid_generate_v4(), (SELECT booking_id FROM "Booking" LIMIT 1 OFFSET 16), 1080.00, 'USD', NOW(), 'Credit Card', 108.00, 972.00),
(uuid_generate_v4(), (SELECT booking_id FROM "Booking" LIMIT 1 OFFSET 17), 880.00, 'USD', NOW(), 'PayPal', 88.00, 792.00),
(uuid_generate_v4(), (SELECT booking_id FROM "Booking" LIMIT 1 OFFSET 18), 1000.00, 'USD', NOW(), 'Bank Transfer', 100.00, 900.00);

-- Insert Wishlists
INSERT INTO "Wishlist" (wishlist_id, guest_id, name, created_at) VALUES
(uuid_generate_v4(), (SELECT user_id FROM "User" WHERE user_type = 'guest' LIMIT 1), 'Summer Vacation', NOW()),
(uuid_generate_v4(), (SELECT user_id FROM "User" WHERE user_type = 'guest' LIMIT 1 OFFSET 1), 'Weekend Getaways', NOW()),
(uuid_generate_v4(), (SELECT user_id FROM "User" WHERE user_type = 'guest' LIMIT 1 OFFSET 2), 'Beach Houses', NOW()),
(uuid_generate_v4(), (SELECT user_id FROM "User" WHERE user_type = 'guest' LIMIT 1 OFFSET 3), 'City Breaks', NOW()),
(uuid_generate_v4(), (SELECT user_id FROM "User" WHERE user_type = 'guest' LIMIT 1 OFFSET 4), 'Mountain Retreats', NOW()),
(uuid_generate_v4(), (SELECT user_id FROM "User" WHERE user_type = 'guest' LIMIT 1 OFFSET 5), 'Romantic Escapes', NOW()),
(uuid_generate_v4(), (SELECT user_id FROM "User" WHERE user_type = 'guest' LIMIT 1 OFFSET 6), 'Family Trips', NOW()),
(uuid_generate_v4(), (SELECT user_id FROM "User" WHERE user_type = 'guest' LIMIT 1 OFFSET 7), 'Adventure Destinations', NOW()),
(uuid_generate_v4(), (SELECT user_id FROM "User" WHERE user_type = 'guest' LIMIT 1 OFFSET 8), 'Luxury Stays', NOW()),
(uuid_generate_v4(), (SELECT user_id FROM "User" WHERE user_type = 'guest' LIMIT 1 OFFSET 9), 'Budget Friendly', NOW()),
(uuid_generate_v4(), (SELECT user_id FROM "User" WHERE user_type = 'guest' LIMIT 1), 'Eco Retreats', NOW()),
(uuid_generate_v4(), (SELECT user_id FROM "User" WHERE user_type = 'guest' LIMIT 1 OFFSET 1), 'Historic Locations', NOW()),
(uuid_generate_v4(), (SELECT user_id FROM "User" WHERE user_type = 'guest' LIMIT 1 OFFSET 2), 'Culinary Destinations', NOW()),
(uuid_generate_v4(), (SELECT user_id FROM "User" WHERE user_type = 'guest' LIMIT 1 OFFSET 3), 'Art and Culture', NOW()),
(uuid_generate_v4(), (SELECT user_id FROM "User" WHERE user_type = 'guest' LIMIT 1 OFFSET 4), 'Wellness Retreats', NOW()),
(uuid_generate_v4(), (SELECT user_id FROM "User" WHERE user_type = 'guest' LIMIT 1 OFFSET 5), 'Sports and Adventure', NOW()),
(uuid_generate_v4(), (SELECT user_id FROM "User" WHERE user_type = 'guest' LIMIT 1 OFFSET 6), 'Wine Country', NOW()),
(uuid_generate_v4(), (SELECT user_id FROM "User" WHERE user_type = 'guest' LIMIT 1 OFFSET 7), 'Photography Trips', NOW()),
(uuid_generate_v4(), (SELECT user_id FROM "User" WHERE user_type = 'guest' LIMIT 1 OFFSET 8), 'Mountain Retreats', NOW());

-- Insert Wishlist Items
INSERT INTO "WishlistItem" (wishlist_id, listing_id, added_at) VALUES
((SELECT wishlist_id FROM "Wishlist" LIMIT 1 OFFSET 0), (SELECT listing_id FROM "Listing" LIMIT 1 OFFSET 0), NOW()),
((SELECT wishlist_id FROM "Wishlist" LIMIT 1 OFFSET 1), (SELECT listing_id FROM "Listing" LIMIT 1 OFFSET 1), NOW()),
((SELECT wishlist_id FROM "Wishlist" LIMIT 1 OFFSET 2), (SELECT listing_id FROM "Listing" LIMIT 1 OFFSET 2), NOW()),
((SELECT wishlist_id FROM "Wishlist" LIMIT 1 OFFSET 3), (SELECT listing_id FROM "Listing" LIMIT 1 OFFSET 3), NOW()),
((SELECT wishlist_id FROM "Wishlist" LIMIT 1 OFFSET 4), (SELECT listing_id FROM "Listing" LIMIT 1 OFFSET 4), NOW()),
((SELECT wishlist_id FROM "Wishlist" LIMIT 1 OFFSET 5), (SELECT listing_id FROM "Listing" LIMIT 1 OFFSET 5), NOW()),
((SELECT wishlist_id FROM "Wishlist" LIMIT 1 OFFSET 6), (SELECT listing_id FROM "Listing" LIMIT 1 OFFSET 6), NOW()),
((SELECT wishlist_id FROM "Wishlist" LIMIT 1 OFFSET 7), (SELECT listing_id FROM "Listing" LIMIT 1 OFFSET 7), NOW()),
((SELECT wishlist_id FROM "Wishlist" LIMIT 1 OFFSET 8), (SELECT listing_id FROM "Listing" LIMIT 1 OFFSET 8), NOW()),
((SELECT wishlist_id FROM "Wishlist" LIMIT 1 OFFSET 9), (SELECT listing_id FROM "Listing" LIMIT 1 OFFSET 9), NOW()),
((SELECT wishlist_id FROM "Wishlist" LIMIT 1 OFFSET 10), (SELECT listing_id FROM "Listing" LIMIT 1 OFFSET 10), NOW()),
((SELECT wishlist_id FROM "Wishlist" LIMIT 1 OFFSET 11), (SELECT listing_id FROM "Listing" LIMIT 1 OFFSET 11), NOW()),
((SELECT wishlist_id FROM "Wishlist" LIMIT 1 OFFSET 12), (SELECT listing_id FROM "Listing" LIMIT 1 OFFSET 12), NOW()),
((SELECT wishlist_id FROM "Wishlist" LIMIT 1 OFFSET 13), (SELECT listing_id FROM "Listing" LIMIT 1 OFFSET 13), NOW()),
((SELECT wishlist_id FROM "Wishlist" LIMIT 1 OFFSET 14), (SELECT listing_id FROM "Listing" LIMIT 1 OFFSET 14), NOW()),
((SELECT wishlist_id FROM "Wishlist" LIMIT 1 OFFSET 15), (SELECT listing_id FROM "Listing" LIMIT 1 OFFSET 15), NOW()),
((SELECT wishlist_id FROM "Wishlist" LIMIT 1 OFFSET 16), (SELECT listing_id FROM "Listing" LIMIT 1 OFFSET 16), NOW()),
((SELECT wishlist_id FROM "Wishlist" LIMIT 1 OFFSET 17), (SELECT listing_id FROM "Listing" LIMIT 1 OFFSET 17), NOW()),
((SELECT wishlist_id FROM "Wishlist" LIMIT 1 OFFSET 18), (SELECT listing_id FROM "Listing" LIMIT 1 OFFSET 18), NOW());

-- Insert Search Query Logs with 20 entries
INSERT INTO "SearchQueryLog" (search_id, user_id, location_text, num_guests, start_date, end_date, timestamp) VALUES
(uuid_generate_v4(), (SELECT user_id FROM "User" WHERE user_type = 'guest' LIMIT 1), 'New York', 2, '2024-03-01', '2024-03-05', NOW()),
(uuid_generate_v4(), (SELECT user_id FROM "User" WHERE user_type = 'guest' LIMIT 1 OFFSET 1), 'Los Angeles', 4, '2024-03-10', '2024-03-15', NOW()),
(uuid_generate_v4(), (SELECT user_id FROM "User" WHERE user_type = 'guest' LIMIT 1 OFFSET 2), 'Miami', 2, '2024-03-20', '2024-03-25', NOW()),
(uuid_generate_v4(), (SELECT user_id FROM "User" WHERE user_type = 'guest' LIMIT 1 OFFSET 3), 'San Francisco', 3, '2024-04-01', '2024-04-05', NOW()),
(uuid_generate_v4(), (SELECT user_id FROM "User" WHERE user_type = 'guest' LIMIT 1 OFFSET 4), 'Chicago', 2, '2024-04-10', '2024-04-15', NOW()),
(uuid_generate_v4(), (SELECT user_id FROM "User" WHERE user_type = 'guest' LIMIT 1 OFFSET 5), 'Seattle', 3, '2024-04-20', '2024-04-25', NOW()),
(uuid_generate_v4(), (SELECT user_id FROM "User" WHERE user_type = 'guest' LIMIT 1 OFFSET 6), 'Boston', 2, '2024-05-01', '2024-05-05', NOW()),
(uuid_generate_v4(), (SELECT user_id FROM "User" WHERE user_type = 'guest' LIMIT 1 OFFSET 7), 'Denver', 4, '2024-05-10', '2024-05-15', NOW()),
(uuid_generate_v4(), (SELECT user_id FROM "User" WHERE user_type = 'guest' LIMIT 1 OFFSET 8), 'Austin', 2, '2024-05-20', '2024-05-25', NOW()),
(uuid_generate_v4(), (SELECT user_id FROM "User" WHERE user_type = 'guest' LIMIT 1 OFFSET 9), 'Portland', 3, '2024-06-01', '2024-06-05', NOW()),
(uuid_generate_v4(), (SELECT user_id FROM "User" WHERE user_type = 'guest' LIMIT 1), 'Atlanta', 2, '2024-06-10', '2024-06-15', NOW()),
(uuid_generate_v4(), (SELECT user_id FROM "User" WHERE user_type = 'guest' LIMIT 1 OFFSET 1), 'Las Vegas', 4, '2024-06-20', '2024-06-25', NOW()),
(uuid_generate_v4(), (SELECT user_id FROM "User" WHERE user_type = 'guest' LIMIT 1 OFFSET 2), 'New Orleans', 2, '2024-07-01', '2024-07-05', NOW()),
(uuid_generate_v4(), (SELECT user_id FROM "User" WHERE user_type = 'guest' LIMIT 1 OFFSET 3), 'San Diego', 3, '2024-07-10', '2024-07-15', NOW()),
(uuid_generate_v4(), (SELECT user_id FROM "User" WHERE user_type = 'guest' LIMIT 1 OFFSET 4), 'Nashville', 2, '2024-07-20', '2024-07-25', NOW()),
(uuid_generate_v4(), (SELECT user_id FROM "User" WHERE user_type = 'guest' LIMIT 1 OFFSET 5), 'Phoenix', 4, '2024-08-01', '2024-08-05', NOW()),
(uuid_generate_v4(), (SELECT user_id FROM "User" WHERE user_type = 'guest' LIMIT 1 OFFSET 6), 'Orlando', 2, '2024-08-10', '2024-08-15', NOW()),
(uuid_generate_v4(), (SELECT user_id FROM "User" WHERE user_type = 'guest' LIMIT 1 OFFSET 7), 'Washington DC', 3, '2024-08-20', '2024-08-25', NOW()),
(uuid_generate_v4(), (SELECT user_id FROM "User" WHERE user_type = 'guest' LIMIT 1 OFFSET 8), 'Houston', 2, '2024-09-01', '2024-09-05', NOW()),
(uuid_generate_v4(), (SELECT user_id FROM "User" WHERE user_type = 'guest' LIMIT 1 OFFSET 9), 'Philadelphia', 4, '2024-09-10', '2024-09-15', NOW());
